ID,ML,CHIP,ESM,HSPC,CHOL,PEG,TFR,FRR,AQUEOUS,OUTPUT,SIZE,PDI,PDI_pred,SIZE_pred
01SD,HSPC,Micromixer,0.0,11.25,1.0,1.0,0.25,3.0,MQ,YES,117.567,0.327,0.3579555569589138,116.5913076019287
02SD,HSPC,Micromixer,0.0,11.25,0.0,3.75,1.0,3.0,MQ,YES,124.403,0.403,0.3200223070383072,99.811496791113
03SD,HSPC,Droplet,0.0,11.25,3.0,3.0,0.25,50.0,MQ,NO,169.247,0.531,0.6663431936502456,462.2654490661621
04SD,HSPC,Micromixer,0.0,11.25,1.0,1.0,1.0,3.0,PBS,YES,73.088,0.238,0.3185608187317848,99.27039980835387
05SD,HSPC,Micromixer,0.0,11.25,0.0,3.75,1.0,50.0,MQ,NO,141.591,0.597,0.6654566496610641,456.8417820739746
06SD,HSPC,Micromixer,0.0,11.25,3.0,3.0,0.25,50.0,PBS,YES,135.642,0.428,0.3600773225724697,111.47176216125489
07SD,HSPC,Droplet,0.0,11.25,3.0,3.0,1.0,3.0,PBS,NO,242.045,0.591,0.6667158943414688,469.5206266784668
08SD,HSPC,Droplet,0.0,11.25,1.0,1.0,1.0,50.0,MQ,YES,19.897,0.443,0.32814577460289,91.6544849395752
09SD,HSPC,Droplet,0.0,11.25,0.0,1.25,1.0,50.0,PBS,NO,593.99,0.61,0.6684830152988434,470.2411767578125
10SD,HSPC,Micromixer,0.0,11.25,0.0,1.25,0.25,50.0,PBS,YES,138.894,0.49,0.36095197007060054,119.14934818267822
11SD,HSPC,Droplet,0.0,11.25,0.0,3.75,0.25,3.0,PBS,YES,325.634,0.489,0.36503462597727776,119.75855662027996
12SD,HSPC,Droplet,0.0,11.25,0.0,1.25,0.25,3.0,MQ,NO,277.332,0.735,0.6685850578546524,463.1357925415039
13SD,HSPC,Droplet,0.0,11.25,0.0,3.75,1.0,50.0,PBS,YES,52.067,0.26,0.3292080357670784,93.80163822174072
14SD,HSPC,Droplet,0.0,11.25,1.0,1.0,0.25,50.0,PBS,YES,101.454,0.35,0.3622414118051529,114.11213554382324
15SD,HSPC,Micromixer,0.0,11.25,0.0,1.25,1.0,3.0,PBS,YES,77.448,0.233,0.31982592537999155,100.40009243265787
16SD,HSPC,Droplet,0.0,11.25,0.0,3.75,0.25,50.0,MQ,YES,177.522,0.431,0.3648088300228119,119.08861793518066
17SD,HSPC,Droplet,0.0,11.25,1.0,1.0,0.25,3.0,PBS,NO,255.405,0.783,0.6690230771899224,483.3516346740723
18SD,HSPC,Droplet,0.0,11.25,0.0,1.25,1.0,3.0,MQ,NO,198.619,0.519,0.6685261675715446,464.15622955322266
19SD,HSPC,Micromixer,0.0,11.25,0.0,1.25,0.25,50.0,MQ,YES,131.205,0.38,0.3598005950450897,119.63091636657715
20SD,HSPC,Micromixer,0.0,11.25,0.0,3.75,0.25,3.0,PBS,NO,351.504,0.558,0.6660320746898651,463.52914154052735
21SD,HSPC,Micromixer,0.0,11.25,3.0,3.0,0.25,3.0,MQ,YES,135.609,0.369,0.35710169970989225,113.6732805887858
22SD,HSPC,Droplet,0.0,11.25,3.0,3.0,1.0,3.0,MQ,YES,146.776,0.44,0.31656047904243073,97.20722177561592
23SD,HSPC,Micromixer,0.0,11.25,1.0,1.0,1.0,50.0,MQ,YES,125.959,0.339,0.3272499853372574,91.26025210244316
24SD,HSPC,Micromixer,0.0,11.25,3.0,3.0,1.0,50.0,PBS,YES,102.376,0.385,0.32534095287323,89.60861048380534
01SM,ESM,Micromixer,5.0,11.25,5.0,0.0,0.25,3.0,MQ,YES,116.839,0.082,0.16354478523135185,104.28543024698892
02SM,ESM,Micromixer,20.0,11.25,0.0,0.0,1.0,3.0,MQ,NO,1929.916,0.842,0.8066892039775848,1959.58856048584
03SM,ESM,Droplet,20.0,11.25,20.0,0.0,0.25,50.0,MQ,YES,133.051,0.186,0.15905032355338336,146.18507179260254
04SM,ESM,Micromixer,5.0,11.25,5.0,0.0,1.0,3.0,PBS,YES,91.433,0.1,0.13519985489446523,96.57658938559268
05SM,ESM,Micromixer,20.0,11.25,0.0,0.0,1.0,50.0,MQ,NO,700.845,0.681,0.8068401408195496,1845.7331796264648
06SM,ESM,Micromixer,20.0,11.25,20.0,0.0,0.25,50.0,PBS,YES,122.961,0.236,0.1589644653350115,145.22609481811523
07SM,ESM,Droplet,20.0,11.25,20.0,0.0,1.0,3.0,PBS,YES,163.558,0.316,0.12528469353169203,159.78640747070312
08SM,ESM,Droplet,5.0,11.25,5.0,0.0,1.0,50.0,MQ,YES,69.723,0.067,0.12431305225938559,86.81958274523419
09SM,ESM,Droplet,5.0,11.25,0.0,0.0,1.0,50.0,PBS,NO,1794.372,0.936,0.7634257328510284,1335.7203936767578
10SM,ESM,Micromixer,5.0,11.25,0.0,0.0,0.25,50.0,PBS,NO,301.615,0.521,0.7548577952384948,1347.400362854004
11SM,ESM,Droplet,20.0,11.25,0.0,0.0,0.25,3.0,PBS,NO,1242.327,0.826,0.8042259073257446,1943.1039236450194
12SM,ESM,Droplet,5.0,11.25,0.0,0.0,0.25,3.0,MQ,NO,2100.262,0.999,0.75541523873806,1331.0305450439453
13SM,ESM,Droplet,20.0,11.25,0.0,0.0,1.0,50.0,PBS,NO,1787.444,0.994,0.8071751964092254,1820.7210765075683
14SM,ESM,Droplet,5.0,11.25,5.0,0.0,0.25,50.0,PBS,YES,133.599,0.269,0.16149885851889847,101.95510078430176
15SM,ESM,Micromixer,5.0,11.25,0.0,0.0,1.0,3.0,PBS,NO,2254.269,1.0,0.7653529185056687,1348.4704600524901
16SM,ESM,Droplet,20.0,11.25,0.0,0.0,0.25,50.0,MQ,NO,731.331,0.991,0.8041565126180649,1843.9287631225586
17SM,ESM,Droplet,5.0,11.25,5.0,0.0,0.25,3.0,PBS,NO,571.168,0.558,0.75324000030756,1346.2628234863282
18SM,ESM,Droplet,5.0,11.25,0.0,0.0,1.0,3.0,MQ,NO,554.177,0.595,0.7644924074411392,1327.9657777404784
19SM,ESM,Micromixer,5.0,11.25,0.0,0.0,0.25,50.0,MQ,YES,109.153,0.284,0.17705374371260404,119.1373006439209
20SM,ESM,Micromixer,20.0,11.25,0.0,0.0,0.25,3.0,PBS,NO,6478.919,1.0,0.8041024401783943,1969.259429321289
21SM,ESM,Micromixer,20.0,11.25,20.0,0.0,0.25,3.0,MQ,YES,108.176,0.106,0.16415815502405168,171.04890853881835
22SM,ESM,Droplet,20.0,11.25,20.0,0.0,1.0,3.0,MQ,YES,116.98,0.128,0.12496297455579043,159.78640747070312
23SM,ESM,Micromixer,5.0,11.25,5.0,0.0,1.0,50.0,MQ,YES,70.824,0.118,0.12225301161408425,86.69014887173971
24SM,ESM,Micromixer,20.0,11.25,20.0,0.0,1.0,50.0,PBS,YES,85.425,0.145,0.11012209847569465,136.94225372314452
01CD,HSPC,Micromixer,0.0,11.25,1.3408000000000002,3.8548,0.71,2.0,MQ,YES,111.287,0.294,0.369157133102417,105.36837495431446
02CD,HSPC,Micromixer,0.0,11.25,1.3408000000000002,3.8548,0.71,23.0,MQ,YES,104.721,0.372,0.3716909284889698,99.7773845983233
03CD,HSPC,Micromixer,0.0,11.25,1.3408000000000002,3.8548,2.04,2.0,MQ,YES,77.048,0.221,0.31198719441890715,95.37505750398654
04CD,HSPC,Micromixer,0.0,11.25,1.3408000000000002,3.8548,2.04,23.0,MQ,YES,79.661,0.268,0.326392402946949,83.68999580383301
05CD,HSPC,Micromixer,0.0,11.25,5.363200000000001,2.8492,0.71,2.0,MQ,YES,92.827,0.188,0.24296336844563485,96.6194780319601
06CD,HSPC,Micromixer,0.0,11.25,5.363200000000001,2.8492,0.71,23.0,MQ,YES,83.507,0.278,0.28038213685154917,89.24146225770315
07CD,HSPC,Micromixer,0.0,11.25,5.363200000000001,2.8492,2.04,2.0,MQ,YES,72.548,0.268,0.2395118737220764,92.96290095844397
08CD,HSPC,Micromixer,0.0,11.25,5.363200000000001,2.8492,2.04,23.0,MQ,YES,74.122,0.309,0.2716908325254917,78.9735601316157
09CD,HSPC,Micromixer,0.0,11.25,3.3520000000000003,3.3520000000000003,1.37,1.0,MQ,YES,133.264,0.39,0.35986092790961266,132.836463470459
10CD,HSPC,Micromixer,0.0,11.25,3.3520000000000003,3.3520000000000003,1.37,50.0,MQ,YES,81.069,0.312,0.291198797672987,80.49545923325927
11CD,HSPC,Micromixer,0.0,11.25,3.3520000000000003,3.3520000000000003,0.25,7.0,MQ,YES,108.6,0.284,0.29884535491466524,102.14345123291015
12CD,HSPC,Micromixer,0.0,11.25,3.3520000000000003,3.3520000000000003,2.5,7.0,MQ,YES,77.533,0.291,0.2813338275253773,78.7988094334143
13CD,HSPC,Micromixer,0.0,11.25,0.0,4.19,1.37,7.0,MQ,YES,86.352,0.269,0.3185115845501423,85.67068981170654
14CD,HSPC,Micromixer,0.0,11.25,6.704000000000001,2.514,1.37,7.0,MQ,YES,68.453,0.282,0.26743858469321447,79.18953818645899
15CD,HSPC,Micromixer,0.0,11.25,3.3520000000000003,3.3520000000000003,1.37,7.0,MQ,YES,70.038,0.234,0.28269049495458604,79.11707035020348
16CD,HSPC,Micromixer,0.0,11.25,3.3520000000000003,3.3520000000000003,1.37,7.0,MQ,YES,68.102,0.246,0.28269049495458604,79.11707035020348
17CD,HSPC,Micromixer,0.0,11.25,3.3520000000000003,3.3520000000000003,1.37,7.0,MQ,YES,69.696,0.243,0.28269049495458604,79.11707035020348
18CD,HSPC,Micromixer,0.0,11.25,3.3520000000000003,3.3520000000000003,1.37,7.0,MQ,YES,68.133,0.235,0.28269049495458604,79.11707035020348
19CD,HSPC,Micromixer,0.0,11.25,3.3520000000000003,3.3520000000000003,1.37,7.0,MQ,YES,64.529,0.234,0.28269049495458604,79.11707035020348
20CD,HSPC,Micromixer,0.0,11.25,3.3520000000000003,3.3520000000000003,1.37,7.0,MQ,YES,68.966,0.232,0.28269049495458604,79.11707035020348
21CD,HSPC,Micromixer,0.0,11.25,1.3408000000000002,3.8548,0.71,2.0,MQ,YES,87.575,0.327,0.369157133102417,105.36837495431446
22CD,HSPC,Micromixer,0.0,11.25,1.3408000000000002,3.8548,0.71,23.0,MQ,YES,109.953,0.476,0.3716909284889698,99.7773845983233
23CD,HSPC,Micromixer,0.0,11.25,1.3408000000000002,3.8548,2.04,2.0,MQ,YES,86.444,0.343,0.31198719441890715,95.37505750398654
24CD,HSPC,Micromixer,0.0,11.25,1.3408000000000002,3.8548,2.04,23.0,MQ,YES,94.499,0.355,0.326392402946949,83.68999580383301
25CD,HSPC,Micromixer,0.0,11.25,5.363200000000001,2.8492,0.71,2.0,MQ,YES,93.444,0.183,0.24296336844563485,96.6194780319601
26CD,HSPC,Micromixer,0.0,11.25,5.363200000000001,2.8492,0.71,23.0,MQ,YES,85.915,0.258,0.28038213685154917,89.24146225770315
27CD,HSPC,Micromixer,0.0,11.25,5.363200000000001,2.8492,2.04,2.0,MQ,YES,62.883,0.198,0.2395118737220764,92.96290095844397
28CD,HSPC,Micromixer,0.0,11.25,5.363200000000001,2.8492,2.04,23.0,MQ,YES,71.617,0.292,0.2716908325254917,78.9735601316157
29CD,HSPC,Micromixer,0.0,11.25,3.3520000000000003,3.3520000000000003,1.37,1.0,MQ,YES,139.797,0.387,0.35986092790961266,132.836463470459
30CD,HSPC,Micromixer,0.0,11.25,3.3520000000000003,3.3520000000000003,1.37,50.0,MQ,YES,92.98,0.361,0.291198797672987,80.49545923325927
31CD,HSPC,Micromixer,0.0,11.25,3.3520000000000003,3.3520000000000003,0.25,7.0,MQ,YES,124.162,0.316,0.29884535491466524,102.14345123291015
32CD,HSPC,Micromixer,0.0,11.25,3.3520000000000003,3.3520000000000003,2.5,7.0,MQ,YES,73.083,0.334,0.2813338275253773,78.7988094334143
33CD,HSPC,Micromixer,0.0,11.25,0.0,4.19,1.37,7.0,MQ,YES,96.016,0.284,0.3185115845501423,85.67068981170654
34CD,HSPC,Micromixer,0.0,11.25,6.704000000000001,2.514,1.37,7.0,MQ,YES,67.366,0.273,0.26743858469321447,79.18953818645899
35CD,HSPC,Micromixer,0.0,11.25,3.3520000000000003,3.3520000000000003,1.37,7.0,MQ,YES,71.926,0.295,0.28269049495458604,79.11707035020348
36CD,HSPC,Micromixer,0.0,11.25,3.3520000000000003,3.3520000000000003,1.37,7.0,MQ,YES,81.85,0.335,0.28269049495458604,79.11707035020348
37CD,HSPC,Micromixer,0.0,11.25,3.3520000000000003,3.3520000000000003,1.37,7.0,MQ,YES,78.159,0.326,0.28269049495458604,79.11707035020348
38CD,HSPC,Micromixer,0.0,11.25,3.3520000000000003,3.3520000000000003,1.37,7.0,MQ,YES,72.999,0.295,0.28269049495458604,79.11707035020348
39CD,HSPC,Micromixer,0.0,11.25,3.3520000000000003,3.3520000000000003,1.37,7.0,MQ,YES,73.901,0.327,0.28269049495458604,79.11707035020348
40CD,HSPC,Micromixer,0.0,11.25,3.3520000000000003,3.3520000000000003,1.37,7.0,MQ,YES,76.205,0.354,0.28269049495458604,79.11707035020348
41CD,HSPC,Micromixer,0.0,11.25,1.3408000000000002,3.8548,0.71,2.0,MQ,YES,130.717,0.402,0.369157133102417,105.36837495431446
42CD,HSPC,Micromixer,0.0,11.25,1.3408000000000002,3.8548,0.71,23.0,MQ,YES,102.022,0.354,0.3716909284889698,99.7773845983233
43CD,HSPC,Micromixer,0.0,11.25,1.3408000000000002,3.8548,2.04,2.0,MQ,YES,93.195,0.262,0.31198719441890715,95.37505750398654
44CD,HSPC,Micromixer,0.0,11.25,1.3408000000000002,3.8548,2.04,23.0,MQ,YES,93.161,0.376,0.326392402946949,83.68999580383301
45CD,HSPC,Micromixer,0.0,11.25,5.363200000000001,2.8492,0.71,2.0,MQ,YES,96.056,0.164,0.24296336844563485,96.6194780319601
46CD,HSPC,Micromixer,0.0,11.25,5.363200000000001,2.8492,0.71,23.0,MQ,YES,77.87,0.242,0.28038213685154917,89.24146225770315
47CD,HSPC,Micromixer,0.0,11.25,5.363200000000001,2.8492,2.04,2.0,MQ,YES,67.582,0.145,0.2395118737220764,92.96290095844397
48CD,HSPC,Micromixer,0.0,11.25,5.363200000000001,2.8492,2.04,23.0,MQ,YES,73.816,0.265,0.2716908325254917,78.9735601316157
49CD,HSPC,Micromixer,0.0,11.25,3.3520000000000003,3.3520000000000003,1.37,1.0,MQ,YES,147.172,0.392,0.35986092790961266,132.836463470459
50CD,HSPC,Micromixer,0.0,11.25,3.3520000000000003,3.3520000000000003,1.37,50.0,MQ,YES,94.633,0.38,0.291198797672987,80.49545923325927
51CD,HSPC,Micromixer,0.0,11.25,3.3520000000000003,3.3520000000000003,0.25,7.0,MQ,YES,122.904,0.317,0.29884535491466524,102.14345123291015
52CD,HSPC,Micromixer,0.0,11.25,3.3520000000000003,3.3520000000000003,2.5,7.0,MQ,YES,74.457,0.285,0.2813338275253773,78.7988094334143
53CD,HSPC,Micromixer,0.0,11.25,0.0,4.19,1.37,7.0,MQ,YES,85.58,0.333,0.3185115845501423,85.67068981170654
54CD,HSPC,Micromixer,0.0,11.25,6.704000000000001,2.514,1.37,7.0,MQ,YES,67.136,0.219,0.26743858469321447,79.18953818645899
55CD,HSPC,Micromixer,0.0,11.25,3.3520000000000003,3.3520000000000003,1.37,7.0,MQ,YES,77.267,0.271,0.28269049495458604,79.11707035020348
56CD,HSPC,Micromixer,0.0,11.25,3.3520000000000003,3.3520000000000003,1.37,7.0,MQ,YES,76.796,0.276,0.28269049495458604,79.11707035020348
57CD,HSPC,Micromixer,0.0,11.25,3.3520000000000003,3.3520000000000003,1.37,7.0,MQ,YES,76.921,0.273,0.28269049495458604,79.11707035020348
58CD,HSPC,Micromixer,0.0,11.25,3.3520000000000003,3.3520000000000003,1.37,7.0,MQ,YES,73.733,0.286,0.28269049495458604,79.11707035020348
59CD,HSPC,Micromixer,0.0,11.25,3.3520000000000003,3.3520000000000003,1.37,7.0,MQ,YES,76.425,0.288,0.28269049495458604,79.11707035020348
60CD,HSPC,Micromixer,0.0,11.25,3.3520000000000003,3.3520000000000003,1.37,7.0,MQ,YES,77.503,0.278,0.28269049495458604,79.11707035020348
61CD,HSPC,Micromixer,0.0,11.25,6.704000000000001,2.514,1.375,3.5002575415843395,MQ,YES,70.04,0.171,0.2650917287118477,86.20853921890259
62CD,HSPC,Micromixer,0.0,11.25,6.704000000000001,2.514,2.5,3.5002575415843395,MQ,YES,57.7,0.196,0.2631123675405979,86.24572639465332
63CD,HSPC,Micromixer,0.0,11.25,6.704000000000001,2.514,1.375,1.0,MQ,YES,90.63,0.14,0.32098642766475677,127.01745433807373
64CD,HSPC,Micromixer,0.0,11.25,6.704000000000001,2.514,2.5,1.0,MQ,YES,90.31,0.13,0.31715813219547273,120.6218953704834
65CD,HSPC,Micromixer,0.0,11.25,5.363200000000001,2.8492,1.375,3.5002575415843395,MQ,YES,71.77,0.202,0.26540256041983024,86.05428133010864
66CD,HSPC,Micromixer,0.0,11.25,5.363200000000001,2.8492,2.5,3.467368504525317,MQ,YES,57.03,0.219,0.26311782404780387,88.48717485381327
67CD,HSPC,Micromixer,0.0,11.25,5.363200000000001,2.8492,1.375,1.0,MQ,YES,105.7,0.18,0.3210176433622837,127.12841339111328
68CD,HSPC,Micromixer,0.0,11.25,5.363200000000001,2.8492,2.5,1.0,MQ,YES,108.9,0.217,0.3171744726598263,120.50629314422608
69CD,HSPC,Micromixer,0.0,11.25,5.363200000000001,2.8492,0.25,1.0,MQ,YES,103.9,0.126,0.3229412624239922,127.2694107055664
70CD,HSPC,Micromixer,0.0,11.25,5.363200000000001,2.8492,0.25,3.467368504525317,MQ,YES,119.8,0.164,0.276199303305684,103.52925314585367
02CM,ESM,Micromixer,12.026982212493198,11.25,7.973017787506802,0.0,0.7060709978109694,1.8107928849972788,MQ,YES,132.463,0.052,0.11726891625920931,99.57915433883667
03CM,ESM,Micromixer,17.973017787506805,11.25,2.0269822124931967,0.0,2.0439290021890306,1.8107928849972788,MQ,NO,4941.821,1.0,0.7865484035015107,3083.0935536193847
04CM,ESM,Micromixer,12.026982212493198,11.25,7.973017787506802,0.0,2.0439290021890306,1.8107928849972788,MQ,YES,118.758,0.04,0.11306814072671394,95.66007001986327
05CM,ESM,Micromixer,17.973017787506805,11.25,2.0269822124931967,0.0,0.7060709978109694,4.189207115002722,MQ,NO,570.792,0.595,0.7719201025366783,1984.1258419799806
06CM,ESM,Micromixer,12.026982212493198,11.25,7.973017787506802,0.0,0.7060709978109694,4.189207115002722,MQ,YES,107.632,0.051,0.10603205016738781,96.51983377844192
07CM,ESM,Micromixer,17.973017787506805,11.25,2.0269822124931967,0.0,2.0439290021890306,4.189207115002722,MQ,YES,194.774,0.204,0.15632515959441662,149.4016897583008
08CM,ESM,Micromixer,12.026982212493198,11.25,7.973017787506802,0.0,2.0439290021890306,4.189207115002722,MQ,YES,89.206,0.083,0.09946948625685442,89.23799436513893
09CM,ESM,Micromixer,20.0,11.25,0.0,0.0,1.375,3.0,MQ,NO,7297.414,1.0,0.8066892039775848,1953.0489022827148
10CM,ESM,Micromixer,10.0,11.25,10.0,0.0,1.375,3.0,MQ,YES,88.68,0.08,0.11805188877029078,94.84480045293057
11CM,ESM,Micromixer,15.0,11.25,5.0,0.0,0.25,3.0,MQ,YES,189.471,0.213,0.16355700515210628,170.52821281433106
12CM,ESM,Micromixer,15.0,11.25,5.0,0.0,2.5,3.0,MQ,YES,157.52,0.064,0.12252098761498928,157.4767596435547
14CM,ESM,Micromixer,15.0,11.25,5.0,0.0,1.375,5.0,MQ,YES,124.934,0.048,0.11261821856440016,134.0631376647949
15CM,ESM,Micromixer,15.0,11.25,5.0,0.0,1.375,3.0,MQ,YES,162.675,0.119,0.13156962640482786,157.83045959472656
16CM,ESM,Micromixer,15.0,11.25,5.0,0.0,1.375,3.0,MQ,YES,154.375,0.072,0.13156962640482786,157.83045959472656
17CM,ESM,Micromixer,15.0,11.25,5.0,0.0,1.375,3.0,MQ,YES,160.902,0.07,0.13156962640482786,157.83045959472656
18CM,ESM,Micromixer,15.0,11.25,5.0,0.0,1.375,3.0,MQ,YES,165.879,0.074,0.13156962640482786,157.83045959472656
19CM,ESM,Micromixer,15.0,11.25,5.0,0.0,1.375,3.0,MQ,YES,169.422,0.051,0.13156962640482786,157.83045959472656
20CM,ESM,Micromixer,15.0,11.25,5.0,0.0,1.375,3.0,MQ,YES,162.092,0.065,0.13156962640482786,157.83045959472656
21CM,ESM,Micromixer,17.973017787506805,11.25,2.0269822124931967,0.0,0.7060709978109694,1.8107928849972788,MQ,NO,834.01,0.856,0.7770958933234214,2543.2923707580567
22CM,ESM,Micromixer,12.026982212493198,11.25,7.973017787506802,0.0,0.7060709978109694,1.8107928849972788,MQ,YES,124.618,0.03,0.11726891625920931,99.57915433883667
23CM,ESM,Micromixer,17.973017787506805,11.25,2.0269822124931967,0.0,2.0439290021890306,1.8107928849972788,MQ,NO,8973.734,0.832,0.7865484035015107,3083.0935536193847
24CM,ESM,Micromixer,12.026982212493198,11.25,7.973017787506802,0.0,2.0439290021890306,1.8107928849972788,MQ,YES,111.634,0.051,0.11306814072671394,95.66007001986327
25CM,ESM,Micromixer,17.973017787506805,11.25,2.0269822124931967,0.0,0.7060709978109694,4.189207115002722,MQ,NO,622.999,0.643,0.7719201025366783,1984.1258419799806
26CM,ESM,Micromixer,12.026982212493198,11.25,7.973017787506802,0.0,0.7060709978109694,4.189207115002722,MQ,YES,106.201,0.066,0.10603205016738781,96.51983377844192
27CM,ESM,Micromixer,17.973017787506805,11.25,2.0269822124931967,0.0,2.0439290021890306,4.189207115002722,MQ,YES,184.984,0.149,0.15632515959441662,149.4016897583008
28CM,ESM,Micromixer,12.026982212493198,11.25,7.973017787506802,0.0,2.0439290021890306,4.189207115002722,MQ,YES,84.319,0.059,0.09946948625685442,89.23799436513893
29CM,ESM,Micromixer,20.0,11.25,0.0,0.0,1.375,3.0,MQ,NO,4813.381,1.0,0.8066892039775848,1953.0489022827148
30CM,ESM,Micromixer,10.0,11.25,10.0,0.0,1.375,3.0,MQ,YES,86.863,0.089,0.11805188877029078,94.84480045293057
31CM,ESM,Micromixer,15.0,11.25,5.0,0.0,0.25,3.0,MQ,YES,180.646,0.132,0.16355700515210628,170.52821281433106
32CM,ESM,Micromixer,15.0,11.25,5.0,0.0,2.5,3.0,MQ,YES,146.835,0.029,0.12252098761498928,157.4767596435547
34CM,ESM,Micromixer,15.0,11.25,5.0,0.0,1.375,5.0,MQ,YES,137.567,0.034,0.11261821856440016,134.0631376647949
35CM,ESM,Micromixer,15.0,11.25,5.0,0.0,1.375,3.0,MQ,YES,182.155,0.099,0.13156962640482786,157.83045959472656
36CM,ESM,Micromixer,15.0,11.25,5.0,0.0,1.375,3.0,MQ,YES,176.58,0.101,0.13156962640482786,157.83045959472656
37CM,ESM,Micromixer,15.0,11.25,5.0,0.0,1.375,3.0,MQ,YES,127.517,0.042,0.13156962640482786,157.83045959472656
38CM,ESM,Micromixer,15.0,11.25,5.0,0.0,1.375,3.0,MQ,YES,179.011,0.141,0.13156962640482786,157.83045959472656
39CM,ESM,Micromixer,15.0,11.25,5.0,0.0,1.375,3.0,MQ,YES,167.896,0.114,0.13156962640482786,157.83045959472656
40CM,ESM,Micromixer,15.0,11.25,5.0,0.0,1.375,3.0,MQ,YES,177.175,0.16,0.13156962640482786,157.83045959472656
42CM,ESM,Micromixer,12.026982212493198,11.25,7.973017787506802,0.0,0.7060709978109694,1.8107928849972788,MQ,YES,125.356,0.071,0.11726891625920931,99.57915433883667
43CM,ESM,Micromixer,17.973017787506805,11.25,2.0269822124931967,0.0,2.0439290021890306,1.8107928849972788,MQ,NO,5257.868,1.0,0.7865484035015107,3083.0935536193847
44CM,ESM,Micromixer,12.026982212493198,11.25,7.973017787506802,0.0,2.0439290021890306,1.8107928849972788,MQ,YES,118.454,0.08,0.11306814072671394,95.66007001986327
45CM,ESM,Micromixer,17.973017787506805,11.25,2.0269822124931967,0.0,0.7060709978109694,4.189207115002722,MQ,NO,623.865,0.569,0.7719201025366783,1984.1258419799806
46CM,ESM,Micromixer,12.026982212493198,11.25,7.973017787506802,0.0,0.7060709978109694,4.189207115002722,MQ,YES,107.586,0.059,0.10603205016738781,96.51983377844192
47CM,ESM,Micromixer,17.973017787506805,11.25,2.0269822124931967,0.0,2.0439290021890306,4.189207115002722,MQ,YES,198.087,0.236,0.15632515959441662,149.4016897583008
48CM,ESM,Micromixer,12.026982212493198,11.25,7.973017787506802,0.0,2.0439290021890306,4.189207115002722,MQ,YES,86.184,0.061,0.09946948625685442,89.23799436513893
49CM,ESM,Micromixer,20.0,11.25,0.0,0.0,1.375,3.0,MQ,NO,3062.225,0.973,0.8066892039775848,1953.0489022827148
50CM,ESM,Micromixer,10.0,11.25,10.0,0.0,1.375,3.0,MQ,YES,85.607,0.066,0.11805188877029078,94.84480045293057
51CM,ESM,Micromixer,15.0,11.25,5.0,0.0,0.25,3.0,MQ,YES,190.929,0.271,0.16355700515210628,170.52821281433106
52CM,ESM,Micromixer,15.0,11.25,5.0,0.0,2.5,3.0,MQ,YES,147.238,0.042,0.12252098761498928,157.4767596435547
54CM,ESM,Micromixer,15.0,11.25,5.0,0.0,1.375,5.0,MQ,YES,130.699,0.037,0.11261821856440016,134.0631376647949
55CM,ESM,Micromixer,15.0,11.25,5.0,0.0,1.375,3.0,MQ,YES,196.919,0.179,0.13156962640482786,157.83045959472656
56CM,ESM,Micromixer,15.0,11.25,5.0,0.0,1.375,3.0,MQ,YES,168.994,0.087,0.13156962640482786,157.83045959472656
57CM,ESM,Micromixer,15.0,11.25,5.0,0.0,1.375,3.0,MQ,YES,181.41,0.143,0.13156962640482786,157.83045959472656
58CM,ESM,Micromixer,15.0,11.25,5.0,0.0,1.375,3.0,MQ,YES,163.213,0.091,0.13156962640482786,157.83045959472656
59CM,ESM,Micromixer,15.0,11.25,5.0,0.0,1.375,3.0,MQ,YES,175.564,0.162,0.13156962640482786,157.83045959472656
60CM,ESM,Micromixer,15.0,11.25,5.0,0.0,1.375,3.0,MQ,YES,162.168,0.086,0.13156962640482786,157.83045959472656
61CM,ESM,Micromixer,10.0,11.25,10.0,0.0,1.375,3.5002575415843395,MQ,YES,84.04,0.09,0.10658043186779004,88.39282880147299
62CM,ESM,Micromixer,10.0,11.25,10.0,0.0,2.5,3.5002575415843395,MQ,YES,84.46,0.067,0.10064640758962681,88.64637444877624
63CM,ESM,Micromixer,10.0,11.25,10.0,0.0,1.375,1.0,MQ,YES,110.4,0.043,0.21606182985007763,126.55592700958252
64CM,ESM,Micromixer,10.0,11.25,10.0,0.0,2.5,1.0,MQ,YES,105.3,0.063,0.21124291472136975,121.4921575164795
65CM,ESM,Micromixer,12.0,11.25,8.0,0.0,1.375,3.5002575415843395,MQ,YES,98.5,0.054,0.10649833689941954,88.6976587823232
66CM,ESM,Micromixer,12.0,11.25,8.0,0.0,2.5,3.467368504525317,MQ,YES,85.85,0.066,0.10092083006214705,90.32401456337429
67CM,ESM,Micromixer,12.0,11.25,8.0,0.0,1.375,1.0,MQ,YES,129.1,0.029,0.2156268709152937,126.32212226867676
68CM,ESM,Micromixer,12.0,11.25,8.0,0.0,2.5,1.0,MQ,YES,129.3,0.045,0.2109470272064209,121.34438037872314
01OD,HSPC,Micromixer,0.0,11.25,3.192,3.192,0.58,1.6,MQ,YES,125.56,0.263,0.254089315906167,129.04506393432618
02OD,HSPC,Micromixer,0.0,11.25,3.192,3.192,2.17,1.6,MQ,YES,87.316,0.168,0.24493077635765076,120.46448205128732
03OD,HSPC,Micromixer,0.0,11.25,3.192,3.192,0.58,4.4,MQ,YES,95.927,0.219,0.2642343124747276,97.35850690246765
04OD,HSPC,Micromixer,0.0,11.25,3.192,3.192,2.17,4.4,MQ,YES,67.343,0.242,0.24869286075234412,79.38139461320772
05OD,HSPC,Micromixer,0.0,11.25,3.192,3.192,0.25,3.0,MQ,YES,129.236,0.334,0.2757016844665393,105.03201731363932
06OD,HSPC,Micromixer,0.0,11.25,3.192,3.192,2.5,3.0,MQ,YES,68.868,0.23,0.26265677325427533,92.76986706816533
07OD,HSPC,Micromixer,0.0,11.25,3.192,3.192,1.375,1.0,MQ,YES,149.89,0.421,0.34279449328780176,131.67125366210936
08OD,HSPC,Micromixer,0.0,11.25,3.192,3.192,1.375,4.4,MQ,YES,76.973,0.241,0.2510420456936691,79.49907047075166
09OD,HSPC,Micromixer,0.0,11.25,3.192,3.192,1.375,3.0,MQ,YES,80.278,0.231,0.2653680960336201,92.89910390379362
10OD,HSPC,Micromixer,0.0,11.25,3.192,3.192,1.375,3.0,MQ,YES,80.541,0.212,0.2653680960336201,92.89910390379362
11OD,HSPC,Micromixer,0.0,11.25,3.192,3.192,1.375,3.0,MQ,YES,77.848,0.228,0.2653680960336201,92.89910390379362
12OD,HSPC,Micromixer,0.0,11.25,3.192,3.192,1.375,3.0,MQ,YES,77.339,0.229,0.2653680960336201,92.89910390379362
13OD,HSPC,Micromixer,0.0,11.25,3.192,3.192,1.375,3.0,MQ,YES,78.537,0.223,0.2653680960336201,92.89910390379362
14OD,HSPC,Micromixer,0.0,11.25,3.192,3.192,0.58,1.6,MQ,YES,141.851,0.334,0.254089315906167,129.04506393432618
15OD,HSPC,Micromixer,0.0,11.25,3.192,3.192,2.17,1.6,MQ,YES,100.593,0.152,0.24493077635765076,120.46448205128732
16OD,HSPC,Micromixer,0.0,11.25,3.192,3.192,0.58,4.4,MQ,YES,103.514,0.306,0.2642343124747276,97.35850690246765
17OD,HSPC,Micromixer,0.0,11.25,3.192,3.192,2.17,4.4,MQ,YES,66.039,0.243,0.24869286075234412,79.38139461320772
18OD,HSPC,Micromixer,0.0,11.25,3.192,3.192,0.25,3.0,MQ,YES,148.899,0.356,0.2757016844665393,105.03201731363932
19OD,HSPC,Micromixer,0.0,11.25,3.192,3.192,2.5,3.0,MQ,YES,66.672,0.27,0.26265677325427533,92.76986706816533
20OD,HSPC,Micromixer,0.0,11.25,3.192,3.192,1.375,1.0,MQ,YES,158.663,0.4,0.34279449328780176,131.67125366210936
21OD,HSPC,Micromixer,0.0,11.25,3.192,3.192,1.375,4.4,MQ,YES,76.545,0.261,0.2510420456936691,79.49907047075166
22OD,HSPC,Micromixer,0.0,11.25,3.192,3.192,1.375,3.0,MQ,YES,81.475,0.248,0.2653680960336201,92.89910390379362
23OD,HSPC,Micromixer,0.0,11.25,3.192,3.192,1.375,3.0,MQ,YES,83.866,0.251,0.2653680960336201,92.89910390379362
24OD,HSPC,Micromixer,0.0,11.25,3.192,3.192,1.375,3.0,MQ,YES,85.223,0.262,0.2653680960336201,92.89910390379362
25OD,HSPC,Micromixer,0.0,11.25,3.192,3.192,1.375,3.0,MQ,YES,80.004,0.233,0.2653680960336201,92.89910390379362
26OD,HSPC,Micromixer,0.0,11.25,3.192,3.192,1.375,3.0,MQ,YES,83.696,0.257,0.2653680960336201,92.89910390379362
27OD,HSPC,Micromixer,0.0,11.25,3.192,3.192,0.58,1.6,MQ,YES,136.684,0.307,0.254089315906167,129.04506393432618
28OD,HSPC,Micromixer,0.0,11.25,3.192,3.192,2.17,1.6,MQ,YES,107.924,0.174,0.24493077635765076,120.46448205128732
29OD,HSPC,Micromixer,0.0,11.25,3.192,3.192,0.58,4.4,MQ,YES,102.589,0.262,0.2642343124747276,97.35850690246765
30OD,HSPC,Micromixer,0.0,11.25,3.192,3.192,2.17,4.4,MQ,YES,63.026,0.246,0.24869286075234412,79.38139461320772
31OD,HSPC,Micromixer,0.0,11.25,3.192,3.192,0.25,3.0,MQ,YES,131.852,0.295,0.2757016844665393,105.03201731363932
32OD,HSPC,Micromixer,0.0,11.25,3.192,3.192,2.5,3.0,MQ,YES,65.3,0.272,0.26265677325427533,92.76986706816533
33OD,HSPC,Micromixer,0.0,11.25,3.192,3.192,1.375,1.0,MQ,YES,157.64,0.409,0.34279449328780176,131.67125366210936
34OD,HSPC,Micromixer,0.0,11.25,3.192,3.192,1.375,4.4,MQ,YES,75.772,0.254,0.2510420456936691,79.49907047075166
35OD,HSPC,Micromixer,0.0,11.25,3.192,3.192,1.375,3.0,MQ,YES,80.386,0.256,0.2653680960336201,92.89910390379362
36OD,HSPC,Micromixer,0.0,11.25,3.192,3.192,1.375,3.0,MQ,YES,76.14,0.247,0.2653680960336201,92.89910390379362
37OD,HSPC,Micromixer,0.0,11.25,3.192,3.192,1.375,3.0,MQ,YES,78.939,0.251,0.2653680960336201,92.89910390379362
38OD,HSPC,Micromixer,0.0,11.25,3.192,3.192,1.375,3.0,MQ,YES,155.532,0.297,0.2653680960336201,92.89910390379362
39OD,HSPC,Micromixer,0.0,11.25,3.192,3.192,1.375,3.0,MQ,YES,75.29,0.214,0.2653680960336201,92.89910390379362
40OD,HSPC,Micromixer,0.0,11.25,3.192,3.192,2.17,1.727,MQ,YES,91.341,0.2,0.23997518956661223,93.52856995966697
41OD,HSPC,Micromixer,0.0,11.25,3.192,3.192,2.17,1.727,MQ,YES,96.467,0.2,0.23997518956661223,93.52856995966697
42OD,HSPC,Micromixer,0.0,11.25,3.192,3.192,2.17,1.727,MQ,YES,83.115,0.203,0.23997518956661223,93.52856995966697
01OM,ESM,Micromixer,24.779,11.25,10.121,0.0,0.58,1.6,MQ,YES,230.059,0.349,0.2471093252301216,218.1778500366211
02OM,ESM,Micromixer,24.779,11.25,10.121,0.0,2.17,1.6,MQ,YES,298.002,0.263,0.24524873517453671,214.0008450317383
03OM,ESM,Micromixer,24.779,11.25,10.121,0.0,0.58,4.4,MQ,YES,157.882,0.088,0.10657833442501882,152.0830827331543
04OM,ESM,Micromixer,24.779,11.25,10.121,0.0,2.17,4.4,MQ,YES,125.303,0.065,0.09761779319428442,145.08894927978517
05OM,ESM,Micromixer,24.779,11.25,10.121,0.0,0.25,3.0,MQ,YES,183.962,0.16,0.16414570041000842,171.4108106994629
06OM,ESM,Micromixer,24.779,11.25,10.121,0.0,2.5,3.0,MQ,YES,155.385,0.054,0.10865151654928923,158.37848358154298
07OM,ESM,Micromixer,24.779,11.25,10.121,0.0,1.375,1.0,MQ,YES,232.108,0.322,0.26790778554975986,213.0965495300293
08OM,ESM,Micromixer,24.779,11.25,10.121,0.0,1.375,5.0,MQ,YES,125.924,0.058,0.10090319829599727,133.82311912536622
09OM,ESM,Micromixer,24.779,11.25,10.121,0.0,1.375,3.0,MQ,YES,169.717,0.119,0.12422994009405375,159.78640747070312
10OM,ESM,Micromixer,24.779,11.25,10.121,0.0,1.375,3.0,MQ,YES,164.343,0.091,0.12422994009405375,159.78640747070312
11OM,ESM,Micromixer,24.779,11.25,10.121,0.0,1.375,3.0,MQ,YES,162.206,0.121,0.12422994009405375,159.78640747070312
12OM,ESM,Micromixer,24.779,11.25,10.121,0.0,1.375,3.0,MQ,YES,160.342,0.095,0.12422994009405375,159.78640747070312
13OM,ESM,Micromixer,24.779,11.25,10.121,0.0,1.375,3.0,MQ,YES,158.912,0.087,0.12422994009405375,159.78640747070312
14OM,ESM,Micromixer,24.779,11.25,10.121,0.0,0.58,1.6,MQ,YES,189.764,0.195,0.2471093252301216,218.1778500366211
15OM,ESM,Micromixer,24.779,11.25,10.121,0.0,2.17,1.6,MQ,YES,229.416,0.244,0.24524873517453671,214.0008450317383
16OM,ESM,Micromixer,24.779,11.25,10.121,0.0,0.58,4.4,MQ,YES,140.386,0.047,0.10657833442501882,152.0830827331543
17OM,ESM,Micromixer,24.779,11.25,10.121,0.0,2.17,4.4,MQ,YES,117.314,0.046,0.09761779319428442,145.08894927978517
18OM,ESM,Micromixer,24.779,11.25,10.121,0.0,0.25,3.0,MQ,YES,167.216,0.071,0.16414570041000842,171.4108106994629
19OM,ESM,Micromixer,24.779,11.25,10.121,0.0,2.5,3.0,MQ,YES,137.968,0.05,0.10865151654928923,158.37848358154298
20OM,ESM,Micromixer,24.779,11.25,10.121,0.0,1.375,1.0,MQ,YES,240.863,0.252,0.26790778554975986,213.0965495300293
21OM,ESM,Micromixer,24.779,11.25,10.121,0.0,1.375,5.0,MQ,YES,115.891,0.07,0.10090319829599727,133.82311912536622
22OM,ESM,Micromixer,24.779,11.25,10.121,0.0,1.375,3.0,MQ,YES,139.586,0.08,0.12422994009405375,159.78640747070312
23OM,ESM,Micromixer,24.779,11.25,10.121,0.0,1.375,3.0,MQ,YES,141.538,0.064,0.12422994009405375,159.78640747070312
24OM,ESM,Micromixer,24.779,11.25,10.121,0.0,1.375,3.0,MQ,YES,139.883,0.062,0.12422994009405375,159.78640747070312
25OM,ESM,Micromixer,24.779,11.25,10.121,0.0,1.375,3.0,MQ,YES,139.657,0.065,0.12422994009405375,159.78640747070312
26OM,ESM,Micromixer,24.779,11.25,10.121,0.0,1.375,3.0,MQ,YES,146.755,0.081,0.12422994009405375,159.78640747070312
27OM,ESM,Micromixer,24.779,11.25,10.121,0.0,0.58,1.6,MQ,YES,220.699,0.271,0.2471093252301216,218.1778500366211
28OM,ESM,Micromixer,24.779,11.25,10.121,0.0,2.17,1.6,MQ,YES,303.927,0.274,0.24524873517453671,214.0008450317383
29OM,ESM,Micromixer,24.779,11.25,10.121,0.0,0.58,4.4,MQ,YES,159.526,0.071,0.10657833442501882,152.0830827331543
30OM,ESM,Micromixer,24.779,11.25,10.121,0.0,2.17,4.4,MQ,YES,125.978,0.027,0.09761779319428442,145.08894927978517
31OM,ESM,Micromixer,24.779,11.25,10.121,0.0,0.25,3.0,MQ,YES,191.239,0.132,0.16414570041000842,171.4108106994629
32OM,ESM,Micromixer,24.779,11.25,10.121,0.0,2.5,3.0,MQ,YES,158.28,0.059,0.10865151654928923,158.37848358154298
33OM,ESM,Micromixer,24.779,11.25,10.121,0.0,1.375,1.0,MQ,YES,236.083,0.26,0.26790778554975986,213.0965495300293
34OM ,ESM,Micromixer,24.779,11.25,10.121,0.0,1.375,5.0,MQ,YES,130.988,0.044,0.10090319829599727,133.82311912536622
35OM,ESM,Micromixer,24.779,11.25,10.121,0.0,1.375,3.0,MQ,YES,160.969,0.082,0.12422994009405375,159.78640747070312
36OM,ESM,Micromixer,24.779,11.25,10.121,0.0,1.375,3.0,MQ,YES,158.593,0.085,0.12422994009405375,159.78640747070312
37OM,ESM,Micromixer,24.779,11.25,10.121,0.0,1.375,3.0,MQ,YES,161.035,0.061,0.12422994009405375,159.78640747070312
38OM,ESM,Micromixer,24.779,11.25,10.121,0.0,1.375,3.0,MQ,YES,171.769,0.111,0.12422994009405375,159.78640747070312
39OM,ESM,Micromixer,24.779,11.25,10.121,0.0,1.375,3.0,MQ,YES,161.298,0.103,0.12422994009405375,159.78640747070312
40OM,ESM,Micromixer,24.779,11.25,10.121,0.0,2.5,5.0,MQ,YES,114.922,0.056,0.09555814415216446,133.3970788574219
41OM,ESM,Micromixer,24.779,11.25,10.121,0.0,2.5,5.0,MQ,YES,109.23,0.05,0.09555814415216446,133.3970788574219
42OM,ESM,Micromixer,24.779,11.25,10.121,0.0,2.5,5.0,MQ,YES,107.303,0.055,0.09555814415216446,133.3970788574219
T1,ESM,Micromixer,3.0,11.25,2.0,0.0,1.75,3.0,MQ,YES,81.0,0.112,0.16724598441272975,95.51977196226215
T2,ESM,Micromixer,3.0,11.25,2.0,0.0,1.0,10.0,MQ,YES,79.0,0.109,0.16538865610957146,92.7477876392092
T3,ESM,Micromixer,4.95,11.25,3.05,0.0,2.0,7.0,PBS,YES,98.0,0.152,0.16414432190358638,81.27825887820823
T4,ESM,Micromixer,4.95,11.25,3.05,0.0,1.4,4.7,PBS,YES,118.0,0.205,0.16579620748758317,81.84097347423008
T5,ESM,Micromixer,4.95,11.25,3.05,0.0,1.0,3.0,PBS,YES,160.0,0.239,0.17078145273029804,97.15395313323492
